code;name;side;city;type;x;y
001_A;001_ул Воткинское шоссе, напротив д.8 / Славянское шоссе;А1, А2, А3;Ижевск;Призматрон;56.885589;53.228125
001_B;001_ул Воткинское шоссе, напротив д.8 / Славянское шоссе;Б;Ижевск;Билборд;56.885589;53.228125
001_V;001_Видеоэкран_Перекресток ул. Удмуртская и ул. 10 лет Октября;A;Ижевск;Видеоэкран;56.872135154284;53.222434359239
002_A;002_ул Автозаводская, д.3А, площадь у ТРЦ «Столица»;А;Ижевск;Билборд;56.873295;53.275814
002_V;002_Видеоэкран ул.Пушкинская - Центр. Площадь;A;Ижевск;Видеоэкран;56.853386921923;53.210877920197
003_A;"003_ул Пушкинская, 128, напротив ""Сбербанка""";А;Ижевск;Билборд;56.835346;53.217401
003_B;"003_ул Пушкинская, 128, напротив ""Сбербанка""";Б;Ижевск;Билборд;56.835346;53.217401
004_A;004_ул Воткинское шоссе, 140;А;Ижевск;Билборд;56.890601;53.258404
004_B;004_ул Воткинское шоссе, 140;Б;Ижевск;Билборд;56.890601;53.258404
005_A;005_ул Удмуртская, 249B;А;Ижевск;Билборд;56.856574;53.222003
005_B;005_ул Удмуртская, 249B;Б;Ижевск;Билборд;56.856574;53.222003
006_A;006_ул Чугуевского/Жечева, напротив ул Пушкинская, 65;А;Ижевск;Билборд;56.832288;53.214613
006_B;006_ул Чугуевского/Жечева, напротив ул Пушкинская, 65;Б;Ижевск;Билборд;56.832288;53.214613
007_A;007_ул Орджоникидзе, 21 / ул. Промышленная;А;Ижевск;Билборд;56.836288;53.247966
007_B;007_ул Орджоникидзе, 21 / ул. Промышленная;Б;Ижевск;Билборд;56.836288;53.247966
008_A1;008_ул 10 лет Октября, 55Б (Армянская апостольская церковь);А1;Ижевск;Билборд;56.871926;53.231464
008_A2;008_ул 10 лет Октября, 55Б (Армянская апостольская церковь);А2;Ижевск;Билборд;56.871926;53.231464
009_A;009_ул К. Маркса, 302 пересечение с ул. Кирова, призматрон;А1, А2, А3;Ижевск;Призматрон;56.860312;53.202634
009_A4;009_ул К. Маркса, 302 пересечение с ул. Кирова;А4;Ижевск;Билборд;56.860312;53.202634
009_AA;009_ул К. Маркса, 302 пересечение с ул. Кирова, цифровой билборд;АА;Ижевск;Цифровой билборд;56.860312;53.202634
010_A;010_ул К.Маркса, 124, призматрон;А1, А2, А3;Ижевск;Призматрон;56.83336;53.206618
010_B;010_ул К.Маркса, 124;Б;Ижевск;Билборд;56.83336;53.206618
011_A;"011_ул Кирова, 74, АЗС ""Газпром"", призматрон";А1, А2, А3;Ижевск;Призматрон;56.861052;53.189207
011_B;"011_ул Кирова, 74, АЗС ""Газпром""";Б;Ижевск;Билборд;56.861052;53.189207
012_A;"012_ул 10 лет Октября, 91, автосалон ""Мазда""";А;Ижевск;Билборд;56.870492;53.264965
012_B;"012_ул 10 лет Октября, 91, автосалон ""Мазда""";Б;Ижевск;Билборд;56.870492;53.264965
013_A;013_ул Удмуртская, 300, призматрон;А1, А2, А3;Ижевск;Призматрон;56.869027;53.223159
013_B;013_ул Удмуртская, 300;Б;Ижевск;Билборд;56.869027;53.223159
014_A;"014_ул 10 лет Октября, 89, ЖК ""Эверест""";А;Ижевск;Билборд;56.870912;53.261383
014_B;"014_ул 10 лет Октября, 89, ЖК ""Эверест""";Б;Ижевск;Билборд;56.870912;53.261383
015_A;015_ул 40 лет Победы, пересечение с ул. Т. Барамзиной,6;А;Ижевск;Билборд;56.86453;53.277693
015_B;015_ул 40 лет Победы, пересечение с ул. Т. Барамзиной,6;Б;Ижевск;Билборд;56.86453;53.277693
016_A;016_ул Орджоникидзе, 13;А;Ижевск;Билборд;56.835116;53.252777
016_B;016_ул Орджоникидзе, 13;Б;Ижевск;Билборд;56.835116;53.252777
017_AA;017_ул Холмогорова, 17, цифровой билборд;АА;Ижевск;Цифровой билборд;56.875737;53.212115
017_B;017_ул Холмогорова, 17, призматрон;Б1, Б2, Б3;Ижевск;Призматрон;56.875737;53.212115
018_A1;018_ул 9 Января, 259;А1;Ижевск;Билборд;56.884658;53.258559
018_A2;018_ул 9 Января, 259;А2;Ижевск;Билборд;56.884658;53.258559
019_A;"019_Якшур-Бодьинский тракт, 1/5, 7 км , АЗС ""Лукойл""";А;Ижевск;Билборд;56.892043;53.154345
019_B;"019_Якшур-Бодьинский тракт, 1/5, 7 км , АЗС ""Лукойл""";Б;Ижевск;Билборд;56.892043;53.154345
020_A;020_ул Союзная, 85;А;Ижевск;Билборд;56.850724;53.30549
020_B;020_ул Союзная, 85;Б;Ижевск;Билборд;56.850724;53.30549
021_A;021_ул Пушкинская, 284а / ул. 10 лет Октября, призматрон;А3, А4, А5;Ижевск;Призматрон;56.871511;53.208191
021_A2;021_ул Пушкинская, 284а / ул. 10 лет Октября;А2;Ижевск;Билборд;56.871511;53.208191
021_AA;021_ул Пушкинская, 284а / ул. 10 лет Октября, цифровой билборд;АА;Ижевск;Цифровой билборд;56.871511;53.208191
022_AA1;"022_ул 10 лет Октября, 32а, ТЦ ""Эльгрин"", ТЦ ""Омега"", цифровой билборд";АА1;Ижевск;Цифровой билборд;56.871937;53.230351
022_AA2;"022_ул 10 лет Октября, 32а, ТЦ ""Эльгрин"", ТЦ ""Омега"", цифровой билборд";АА2;Ижевск;Цифровой билборд;56.871937;53.230351
023_AA;023_ул Удмуртская, 261 / ул. Сакко и Ванцетти, цифровой билборд;АА;Ижевск;Цифровой билборд;56.873723;53.222289
023_B;023_ул Удмуртская, 261 пересечение с ул. Сакко и Ванцетти;Б;Ижевск;Билборд;56.873723;53.222289
024_A;"024_ул 10 лет Октября, 91, автосалон ""Мазда"", №2";А;Ижевск;Билборд;56.870127;53.268367
024_B;"024_ул 10 лет Октября, 91, автосалон ""Мазда"", №2";Б;Ижевск;Билборд;56.870127;53.268367
025_AA;"025_ ул Ленина, 138, ТЦ ""КИТ"", цифровой билборд";АА;Ижевск;Цифровой билборд;56.846399;53.289796
025_B;"025_ ул Ленина, 138, ТЦ ""КИТ""";Б;Ижевск;Билборд;56.846399;53.289796
026_A;026_ул Удмуртская, напротив д.271;А;Ижевск;Билборд;56.879442;53.223956
026_B;026_ул Удмуртская, напротив д.271;Б;Ижевск;Билборд;56.879442;53.223956
027_A1;027_ул Ленина, 110;А1;Ижевск;Билборд;56.848645;53.260178
027_A2;027_ул Ленина, 110;А2;Ижевск;Билборд;56.848645;53.260178
028_A;"028_ул 10 лет Октября, 60/1, автотехцентр ""Кит""";А;Ижевск;Билборд;56.870405;53.262282
028_B;"028_ул 10 лет Октября, 60/1, автотехцентр ""Кит""";Б;Ижевск;Билборд;56.870405;53.262282
029_A;"029_ул 40 лет Победы, 110, напротив гипермаркета ""Ашан""";А;Ижевск;Билборд;56.846581;53.280345
029_B;"029_ул 40 лет Победы, 110, напротив гипермаркета ""Ашан""";Б;Ижевск;Билборд;56.846581;53.280345
030_A;030_ул Новоажимова (съезд с моста);А;Ижевск;Билборд;56.832358;53.191664
030_B;030_ул Новоажимова (съезд с моста);Б;Ижевск;Билборд;56.832358;53.191664
031_A;031_ул Азина, 1а;А;Ижевск;Билборд;56.825954;53.184963
031_B;031_ул Азина, 1а;Б;Ижевск;Билборд;56.825954;53.184963
032_A;032_ул Маяковского, 42а/ Магистральная, призматрон;А1, А2, А3;Ижевск;Призматрон;56.813168;53.20434
033_A;"033_ул Автозаводская, 2, напротив ТРК ""Столица"", призматрон";А1, А2, А3;Ижевск;Призматрон;56.872013;53.278669
033_B;"033_ул Автозаводская, 2, напротив ТРК ""Столица""";Б;Ижевск;Билборд;56.872013;53.278669
034_A1;034_ул Новоажимова, 13 / 8-я улица;А1;Ижевск;Билборд;56.83131;53.172603
034_A2;034_ул Новоажимова, 13 / 8-я улица;А2;Ижевск;Билборд;56.83131;53.172603
034_AA;034_ул Новоажимова, 13 / 8-я улица, цифровой билборд;АА;Ижевск;Цифровой билборд;56.83131;53.172603
035_A1;035_ул 10 лет Октября, 77 (АЗС «Газпром»);А1;Ижевск;Билборд;56.871927;53.242118
035_A2;035_ул 10 лет Октября, 77 (АЗС «Газпром»);А2;Ижевск;Билборд;56.871927;53.242118
036_A1;036_автокольцо ул. Ленина/Союзная, 3;А1;Ижевск;Билборд;56.843425;53.301192
036_A2;036_автокольцо ул. Ленина/Союзная, 3;А2;Ижевск;Билборд;56.843425;53.301192
037_A;037_ул К. Маркса напротив д.13А ;А;Ижевск;Билборд;56.822103;53.208274
037_B;037_ул К. Маркса напротив д.13А ;Б;Ижевск;Билборд;56.822103;53.208274
038_A;038_ул 50 лет ВЛКСМ, 19;А;Ижевск;Билборд;56.876689;53.195869
038_B;038_ул 50 лет ВЛКСМ, 19;Б;Ижевск;Билборд;56.876689;53.195869
039_A;039_ул 50 лет ВЛКСМ, напротив К. Маркса, 455 (ЖК «Вега»);А;Ижевск;Билборд;56.876871;53.199896
039_B;039_ул 50 лет ВЛКСМ, напротив К. Маркса, 455 (ЖК «Вега»);Б;Ижевск;Билборд;56.876871;53.199896
040_A;040_ул Чугуевского, напротив Удмуртская, 147;А;Ижевск;Билборд;56.83289;53.221469
040_B;040_ул Чугуевского, напротив Удмуртская, 147;Б;Ижевск;Билборд;56.83289;53.221469
041_AA;041_ул 40 лет Победы/  Т. Барамзиной, 8, цифровой билборд;АА;Ижевск;Цифровой билборд;56.862822;53.278123
041_B;041_ул 40 лет Победы/  Т. Барамзиной, 8;Б;Ижевск;Билборд;56.862822;53.278123
042_A;"042_ул Воткинское шоссе,118, ЦРК ""Русский Дом""";А;Ижевск;Билборд;56.888028;53.243246
042_B;"042_ул Воткинское шоссе,118, ЦРК ""Русский Дом""";Б;Ижевск;Билборд;56.888028;53.243246
043_A;043_ул 9 Января, напротив д.161;А;Ижевск;Билборд;56.873435;53.257728
043_B;043_ул 9 Января, напротив д.161;Б;Ижевск;Билборд;56.873435;53.257728
044_A;044_ул Гагарина, напротив д. 27 (площадь ж/д вокзала), призматрон;А3, A5, A7;Ижевск;Призматрон;56.801923;53.187353
044_A1;044_ул Гагарина, напротив д. 27 (площадь ж/д вокзала);А1;Ижевск;Билборд;56.801923;53.187353
044_A2;044_ул Гагарина, напротив д. 27 (площадь ж/д вокзала);А2;Ижевск;Билборд;56.801923;53.187353
045_A1;"045_ул 10 лет Октября, 48 (АЗС ""Башнефть"")";А1;Ижевск;Билборд;56.869521;53.27119
045_A2;"045_ул 10 лет Октября, 48 (АЗС ""Башнефть"")";А2;Ижевск;Билборд;56.869521;53.27119
046_A;046_ул 50 лет ВЛКСМ, со стороны ул К. Маркса, 455 (ЖК «Вега»), призматрон;А1, А2, А3;Ижевск;Призматрон;56.87668;53.200115
046_B;046_ул 50 лет ВЛКСМ, со стороны ул К. Маркса, 455 (ЖК «Вега»);Б;Ижевск;Билборд;56.87668;53.200115
047_A;047_ул Карла Маркса, напротив д.55А (автосалон «BMW»);А;Ижевск;Билборд;56.828884;53.207274
047_B;047_ул Карла Маркса, напротив д.55А (автосалон «BMW»);Б;Ижевск;Билборд;56.828884;53.207274
048_A;048_ул К.Либкнехта/Удмуртская, 202;А;Ижевск;Билборд;56.83843;53.230662
048_B;048_ул К.Либкнехта/Удмуртская, 202;Б;Ижевск;Билборд;56.83843;53.230662
049_A;049_ул 40 лет Победы, пересечение с ул. Т. Барамзиной,6, №2;А;Ижевск;Билборд;56.866185;53.277174
049_B;049_ул 40 лет Победы, пересечение с ул. Т. Барамзиной,6, №2;Б;Ижевск;Билборд;56.866185;53.277174
050_A;"050_ул Воткинское Шоссе, напротив д.178А (ГМ ""Три Банана"")";А;Ижевск;Билборд;56.899347;53.307874
050_B;"050_ул Воткинское Шоссе, напротив д.178А (ГМ ""Три Банана"")";Б;Ижевск;Билборд;56.899347;53.307874
051_A2;051_ул  Молодежная, 107а, ГП Магнит, СЦ Азбука ремонта;А2;Ижевск;Билборд;56.852681;53.292515
051_AA;051_ул  Молодежная, 107а, ГП Магнит, СЦ Азбука ремонта, цифровой билборд;АА;Ижевск;Цифровой билборд;56.852681;53.292515
052_A;052_ул Удмуртская, 253Б, призматрон;А1, А2, А3;Ижевск;Призматрон;56.859844;53.22068
052_B;052_ул Удмуртская, 253Б;Б;Ижевск;Билборд;56.859844;53.22068
053_A;053_ул 10 лет Октября, 48, АЗС Башнефть;А;Ижевск;Билборд;56.869599;53.269163
053_B;053_ул 10 лет Октября, 48, АЗС Башнефть;Б;Ижевск;Билборд;56.869599;53.269163
054_A;054_ул Воткинское шоссе поворот на п.Смирново;А;Ижевск;Билборд;56.912126;53.378924
054_B;054_ул Воткинское шоссе поворот на п.Смирново;Б;Ижевск;Билборд;56.912126;53.378924
055_A;055_ул Автозаводская/ Ворошилова/ Петрова, автокольцо;А;Ижевск;Билборд;56.875279;53.283301
056_A;056_Копровый проезд, поворот на мкрн. Старки;А;Ижевск;Билборд;56.892419;53.308427
056_B;056_Копровый проезд, поворот на мкрн. Старки;Б;Ижевск;Билборд;56.892419;53.308427
057_A;057_ул Союзная, 6, ГП METRO;А;Ижевск;Билборд;56.846443;53.304208
057_B;057_ул Союзная, 6, ГП METRO;Б;Ижевск;Билборд;56.846443;53.304208
058_A;058_автокольцо ул Удмуртская/ К. Либкнехта, 51 Б, призматрон;А1, А2, А3;Ижевск;Призматрон;56.838599;53.229818
059_A2;059_ул Пушкинская, 367а / 10 лет Октября;А2;Ижевск;Билборд;56.871738;53.207814
059_AA;059_ул Пушкинская, 367а / 10 лет Октября, цифровой билборд;АА;Ижевск;Цифровой билборд;56.871738;53.207814
060_A;060_ул Ленина, 112, разделительная полоса, призматрон;А1, А2, А3;Ижевск;Призматрон;56.849057;53.265996
060_AA;060_ул Ленина, 112, разделительная полоса, цифровой билборд;АА;Ижевск;Цифровой билборд;56.849057;53.265996
061_A;061_ул Пушкинская, 116;А;Ижевск;Билборд;56.833775;53.21785
061_B;061_ул Пушкинская, 116;Б;Ижевск;Билборд;56.833775;53.21785
062_A;062_ул Удмуртская, напротив д.153, АЗС Лукойл, ЖК Ниагара;А;Ижевск;Билборд;56.834906;53.227831
062_B;062_ул Удмуртская, напротив д.153, АЗС Лукойл, ЖК Ниагара;Б;Ижевск;Билборд;56.834906;53.227831
063_A;063_ул 10 лет Октября, 46а;А;Ижевск;Билборд;56.869741;53.267853
063_B;063_ул 10 лет Октября, 46а;Б;Ижевск;Билборд;56.869741;53.267853
064_A;064_ул Ворошилова, напротив д.109/ Автозаводской проезд;А;Ижевск;Билборд;56.875751;53.278049
065_A;065_ул Карла Маркса, напротив д.1Б/Магистральная, АЗС Башнефть;А;Ижевск;Билборд;56.819608;53.208577
065_B;065_ул Карла Маркса, напротив д.1Б/Магистральная, АЗС Башнефть;Б;Ижевск;Билборд;56.819608;53.208577
066_A;"066_ул Славянское шоссе, напротив д.1 (ресторан ""Шале"")";А;Ижевск;Билборд;56.922287;53.228275
066_B;"066_ул Славянское шоссе, напротив д.1 (ресторан ""Шале"")";Б;Ижевск;Билборд;56.922287;53.228275
067_A;"067_трасса Ижевск-Ува 12-ый км поворот на КП ""Тихие Зори""";А;Ижевск;Билборд;56.769805;53.141942
067_B;"067_трасса Ижевск-Ува 12-ый км поворот на КП ""Тихие Зори""";Б;Ижевск;Билборд;56.769805;53.141942
068_A;068_трасса Ижевск-Аэропорт 14-й км справа (из города);А;Ижевск;Билборд;56.831779;53.408546
068_B;068_трасса Ижевск-Аэропорт 14-й км справа (в город);Б;Ижевск;Билборд;56.831779;53.408546
069_A;069_трасса Ижевск-Ува 15-ый км ;А;Ижевск;Билборд;56.765137;53.091855
069_B;069_трасса Ижевск-Ува 15-ый км ;Б;Ижевск;Билборд;56.765137;53.091855
070_A;070_Можгинский тракт Пирогово (въезд в город), констр 2;А;Ижевск;Билборд;56.785543;53.163755
070_B;070_Можгинский тракт Пирогово (въезд в город), констр 2;Б;Ижевск;Билборд;56.785543;53.163755
071_A;071_Можгинский тракт Пирогово (въезд в город), констр 1;А;Ижевск;Билборд;56.784377;53.164205
071_B;071_Можгинский тракт Пирогово (въезд в город), констр 1;Б;Ижевск;Билборд;56.784377;53.164205
072_A;072_Поселок Октябрьский / напротив_ул_Полесская_2;А;Ижевск;Билборд;56.841122617488;53.326959250455
072_B;072_Поселок Октябрьский / напротив_ул_Полесская_2;Б;Ижевск;Билборд;56.841122617488;53.326959250455
073_A;073_трасса Аэропорт-Ижевск_пос_Крылатский_ост. Крылатское-2;А;Ижевск;Билборд;56.833876636425;53.429292998428
073_B;073_трасса Аэропорт-Ижевск_пос_Крылатский_ост. Крылатское-2;Б;Ижевск;Билборд;56.833876636425;53.429292998428
074_A;074_пос_Крылатский_трасса Аэропорт-Ижевск;А;Ижевск;Билборд;56.833527617173;53.433499777104
074_B;074_пос_Крылатский_трасса Аэропорт-Ижевск;Б;Ижевск;Билборд;56.833527617173;53.433499777104
075_A;075_трасса Ижевск-Аэропорт 14-й км слева (в город);А;Ижевск;Билборд;56.831767;53.40704
075_B;075_трасса Ижевск-Аэропорт 14-й км слева (из города);Б;Ижевск;Билборд;56.831767;53.40704
076_A;076_ул.Союзная / ул. Архитектора П.П.Берша;А;Ижевск;Билборд;56.865603;53.303866
076_B;076_ул.Союзная / ул. Архитектора П.П.Берша;Б;Ижевск;Билборд;56.865603;53.303866
104_A;"104_ул Камбарская, поворот на с. Первомайское и кафе ""Адам""";А;Ижевск;Билборд;56.8396359834;53.3141264063
104_B;"104_ул Камбарская, поворот на с. Первомайское и кафе ""Адам""";Б;Ижевск;Билборд;56.8396359834;53.3141264063
105_A;105_ Поселок Октябрьский_ул_Полесская_2;А;Ижевск;Билборд;56.8405409549;53.3196797921
105_B;105_ Поселок Октябрьский_ул_Полесская_2;Б;Ижевск;Билборд;56.8405409549;53.3196797921
106_A;106_Выезд из города, пост ГИБДД (федеральная трасса на Москву);А;Ижевск;Билборд;56.777663;53.163428
106_B;106_Выезд из города, пост ГИБДД (федеральная трасса на Москву);Б;Ижевск;Билборд;56.777663;53.163428
107_A;107_Можгинский тракт Пирогово (въезд в город), констр 3;А;Ижевск;Билборд;56.785916;53.163687
107_B;107_Можгинский тракт Пирогово (выезд из города), констр 3;Б;Ижевск;Билборд;56.785916;53.163687
123_A;123_Сарапульский тракт Каменное (въезд);А;Ижевск;Билборд;56.718465;53.304602
123_B;123_Сарапульский тракт Каменное (выезд );Б;Ижевск;Билборд;56.718465;53.304602
134_A;134_Завьялово ул Гольянская, д2 въезд со стороны Ижевска;А;Ижевск;Билборд;56.805815;53.374042
134_B;134_Завьялово ул Гольянская_д2 выезд_в_сторону Ижевска;Б;Ижевск;Билборд;56.805815;53.374042
165_A;165_Хохряки_Трактовая_10Б_БелкамНефть;А;Ижевск;Билборд;56.918194;53.327629
165_B;165_Хохряки_Трактовая_10Б_БелкамНефть;Б;Ижевск;Билборд;56.918194;53.327629
166_A;166_Завьялово ул Гольянская, 16а, поворот на Промтехсбыт;А;Ижевск;Билборд;56.804022932965;53.374842749479
166_B;166_Завьялово ул Гольянская, 16а, поворот на Промтехсбыт;Б;Ижевск;Билборд;56.804022932965;53.374842749479
167_A;167_Завьяловский тракт м/у АЗС Лукойл и поворотом на с/о Родник;А;Ижевск;Билборд;56.816914310951;53.363508771513
167_B;167_Завьяловский тракт м/у АЗС Лукойл и поворотом на с/о Родник;Б;Ижевск;Билборд;56.816914310951;53.363508771513
168_A;168_Поселок Октябрьский, 41, кафе Адам;А;Ижевск;Билборд;56.840497579303;53.316704059282
168_B;168_Поселок Октябрьский, 41, кафе Адам;Б;Ижевск;Билборд;56.840497579303;53.316704059282
169_A;169_пос_Крылатский_АЗС Газпром_развязка Аэропорт/Ижевск;А;Ижевск;Билборд;56.828750858436;53.437237016377
169_B;169_пос_Крылатский_АЗС Газпром_развязка Аэропорт/Ижевск;Б;Ижевск;Билборд;56.828750858436;53.437237016377
172_A;172_Завьялово ул Гольянская, 100;А;Ижевск;Билборд;56.787860977947;53.399516483788
172_B;172_Завьялово ул Гольянская, 100;Б;Ижевск;Билборд;56.787860977947;53.399516483788
194_A;194_Завьялово ул Гольянская, 68;А;Ижевск;Билборд;56.797171158838;53.378917241501
194_B;194_Завьялово ул Гольянская, 68;Б;Ижевск;Билборд;56.797171158838;53.378917241501
196_A;196_Завьялово ул Гольянская, 74;А;Ижевск;Билборд;56.79610216741;53.380173182923
196_B;196_Завьялово ул Гольянская, 74;Б;Ижевск;Билборд;56.79610216741;53.380173182923
197_A;197_Завьялово ул Гольянская, 80;А;Ижевск;Билборд;56.794907801072;53.381220960534
197_B;197_Завьялово ул Гольянская, 80;Б;Ижевск;Билборд;56.794907801072;53.381220960534
199_A;199_Хохряки_Трактовая_10Г_БелкамНефть_№2                           ;А;Ижевск;Билборд;56.919859;53.33912
199_B;199_Хохряки_Трактовая_10Г_БелкамНефть_№2                           ;Б;Ижевск;Билборд;56.919859;53.33912
368_A;368_Завьялово ул Садовая_д69 въезд с ул Объездная_фасад;А;Ижевск;Билборд;56.780232;53.384108
449_A;449_Завьяловский тракт_поворот на Аэропорт;А;Ижевск;Билборд;56.823402911;53.3575837395
449_B;449_Завьяловский тракт_поворот на Аэропорт;Б;Ижевск;Билборд;56.823402911;53.3575837395
450_A;450_Завьяловский тракт_АЗС №8;А;Ижевск;Билборд;56.8220498884;53.3586337857
450_B;450_Завьяловский тракт_АЗС №8;Б;Ижевск;Билборд;56.8220498884;53.3586337857
451_A;451_Завьяловский тракт_поворот на с/о Родник;А;Ижевск;Билборд;56.8203753211;53.3596432692
451_B;451_Завьяловский тракт_поворот на с/о Родник;Б;Ижевск;Билборд;56.8203753211;53.3596432692
466_A;466_CB_ул Кирова/ ул Пушкинская, 268_сити-борд_2,7х3,7;А;Ижевск;Ситиборд;56.86113;53.210116
466_B;466_CB_ул Кирова/ ул Пушкинская, 268_сити-борд_2,7х3,7;Б;Ижевск;Ситиборд;56.86113;53.210116
G_01_A1;Глазов_01-G_ул_Короленко/Чепецкая/Т.Барамзина, д2_ДК_Родник;А1;Глазов;Билборд;58.144673;52.666192
G_01_A2;Глазов_01-G_ул_Короленко/Чепецкая/Т.Барамзина, д2_ДК_Родник;А2;Глазов;Билборд;58.144673;52.666192
G_01_A3;Глазов_01-G_ул_Короленко/Чепецкая/Т.Барамзина, д2_ДК_Родник;А3;Глазов;Билборд;58.144673;52.666192
G_02_A;Глазов_02-G_ул_К_Маркса, напротив д.2 рядом со Сбербанком;А;Глазов;Билборд;58.141044;52.686559
G_02_B;Глазов_02-G_ул_К_Маркса, напротив д.2 рядом со Сбербанком;Б;Глазов;Билборд;58.141044;52.686559
G_03_A;Глазов_03-G_ул_Сибирская,99_Ижторгметалл;А;Глазов;Билборд;58.126947;52.700905
G_03_B;Глазов_03-G_ул_Сибирская,99_Ижторгметалл;Б;Глазов;Билборд;58.126947;52.700905
G_05_A;Глазов_05-G_ул_Пехтина_напротив д_12_остановка_ул_Пехтина;А;Глазов;Билборд;58.1381731075;52.6972482941
G_05_B;Глазов_05-G_ул_Пехтина_напротив д_12_остановка_ул_Пехтина;Б;Глазов;Билборд;58.1381731075;52.6972482941
G_06_A;Глазов_06-G_ул_Пехтина_напротив д_10_АЗС_Левобережная;А;Глазов;Билборд;58.1389193836;52.6972466691
G_06_B;Глазов_06-G_ул_Пехтина_напротив д_10_АЗС_Левобережная;Б;Глазов;Билборд;58.1389193836;52.6972466691
G_07_A1;Глазов_07-G_ул_Пехтина/Калинина;А1;Глазов;Билборд;58.1405938665;52.6978020961
G_07_A2;Глазов_07-G_ул_Пехтина/Калинина;А2;Глазов;Билборд;58.1405938665;52.6978020961
G_08_A1;Глазов_08-G_ул_Сибирская/Буденного_ост_Мебельная фабрика;А1;Глазов;Билборд;58.1333029823;52.6812534153
G_08_A2;Глазов_08-G_ул_Сибирская/Буденного_ост_Мебельная фабрика;А2;Глазов;Билборд;58.1333029823;52.6812534153
G_08_A3;Глазов_08-G_ул_Сибирская/Буденного_ост_Мебельная фабрика;А3;Глазов;Билборд;58.1333029823;52.6812534153
G_09_A;Глазов_09-G_ул_Чепецкая, напротив д. 3;А;Глазов;Билборд;58.126907836913;52.707742603739
G_09_B;Глазов_09-G_ул_Чепецкая, напротив д. 3;B;Глазов;Билборд;58.126907836913;52.707742603739
S_01_A;Сарапул_01-S_ул_Гончарова_напротив_д61;А;Сарапул;Билборд;56.438008288397;53.737759107796
S_01_B;Сарапул_01-S_ул_Гончарова_напротив_д61;Б;Сарапул;Билборд;56.438008288397;53.737759107796
S_02_A;Сарапул_02-S_ул_Трактовая_21;А;Сарапул;Билборд;56.498323758653;53.795566
S_02_B;Сарапул_02-S_ул_Трактовая_21;Б;Сарапул;Билборд;56.498323758653;53.795566
S_03_A;Сарапул_03-S_ул_Раскольникова_напротив_д2б;А;Сарапул;Билборд;56.49527784011;53.804890721565
S_03_B;Сарапул_03-S_ул_Раскольникова_напротив_д2б;Б;Сарапул;Билборд;56.49527784011;53.804890721565
S_04_A;Сарапул_04-S_ул_ОранжерейнаяИжевский тракт;А;Сарапул;Билборд;56.489018740788;53.687626906164
S_04_B;Сарапул_04-S_ул_ОранжерейнаяИжевский тракт;Б;Сарапул;Билборд;56.489018740788;53.687626906164
S_05_A;Сарапул_05-S_ул_Оранжерейная_1_Цветы Удмуртии;А;Сарапул;Билборд;56.488233938747;53.69264527562
S_05_B;Сарапул_05-S_ул_Оранжерейная_1_Цветы Удмуртии;Б;Сарапул;Билборд;56.488233938747;53.69264527562
S_06_A;Сарапул_06-S_ул_Путейская_78;А;Сарапул;Билборд;56.468315147534;53.716240321537
S_06_B;Сарапул_06-S_ул_Путейская_78;Б;Сарапул;Билборд;56.468315147534;53.716240321537
S_07_A;Сарапул_07-S_ул_Путейская_напротив_д_70;А;Сарапул;Билборд;56.465426185442;53.722804541445
S_07_B;Сарапул_07-S_ул_Путейская_напротив_д_70;Б;Сарапул;Билборд;56.465426185442;53.722804541445
S_08_A;Сарапул_08-S_ул_Путейская_70;А;Сарапул;Билборд;56.465226303424;53.722514355209
S_08_B;Сарапул_08-S_ул_Путейская_70;Б;Сарапул;Билборд;56.465226303424;53.722514355209
S_09_A;Сарапул_09-S_ул_Путейская_напротив д_9;А;Сарапул;Билборд;56.453767286984;53.767473865082
S_09_B;Сарапул_09-S_ул_Путейская_напротив д_9;Б;Сарапул;Билборд;56.453767286984;53.767473865082
S_10_A;Сарапул_10-S_ул_Путейская_4;А;Сарапул;Билборд;56.452510645132;53.780405746033
S_10_B;Сарапул_10-S_ул_Путейская_4;Б;Сарапул;Билборд;56.452510645132;53.780405746033
S_11_A;Сарапул_11-S_ул_Ленина_62;А;Сарапул;Билборд;56.454592240643;53.788500082521
S_11_B;Сарапул_11-S_ул_Ленина_62;Б;Сарапул;Билборд;56.454592240643;53.788500082521
S_12_A;Сарапул_12-S_ул_Дубровская_101_пересечение_с_ул_Куйбышева;А;Сарапул;Билборд;56.458974896453;53.788761001328
S_12_B;Сарапул_12-S_ул_Дубровская_101_пересечение_с_ул_Куйбышева;Б;Сарапул;Билборд;56.458974896453;53.788761001328
S_13_A;Сарапул_13-S_ул_Азина_171;А;Сарапул;Билборд;56.438449722583;53.793874033312
S_13_B;Сарапул_13-S_ул_Азина_171;Б;Сарапул;Билборд;56.438449722583;53.793874033312
S_14_A;Сарапул_14-S_ул_Азина_181;А;Сарапул;Билборд;56.439888011897;53.795655020094
S_14_B;Сарапул_14-S_ул_Азина_181;Б;Сарапул;Билборд;56.439888011897;53.795655020094
S_15_A;Сарапул_15-S_ул_Азина_180;А;Сарапул;Билборд;56.431878648084;53.787645943975
S_15_B;Сарапул_15-S_ул_Азина_180;Б;Сарапул;Билборд;56.431878648084;53.787645943975
S_16_A;Сарапул_16-S_ул_Азина_144_пересечение_с_ул_Амурской;А;Сарапул;Билборд;56.456359;53.803169
S_16_B;Сарапул_16-S_ул_Азина_144_пересечение_с_ул_Амурской;Б;Сарапул;Билборд;56.456359;53.803169
S_17_A1;Сарапул_17-S_ул_Лесная_22  Пугачева;А1;Сарапул;Билборд;56.468731;53.781337
S_17_A2;Сарапул_17-S_ул_Лесная_22  Пугачева;А2;Сарапул;Билборд;56.468731;53.781337
S_18_A;Сарапул_18-S_Старый Ижевский тракт;А;Сарапул;Билборд;56.480128;53.760979
S_18_B;Сарапул_18-S_Старый Ижевский тракт;Б;Сарапул;Билборд;56.480128;53.760979
S_19_A;Сарапул_19-S_ситиборд 2,7х3,7_ул_Советская_59;А;Сарапул;Ситиборд;56.477731;53.795025
S_19_B;Сарапул_19-S_ситиборд 2,7х3,7_ул_Советская_59;Б;Сарапул;Ситиборд;56.477731;53.795025
S_20_A;Сарапул_20-S_ситиборд 2,7х3,7_ул_Советская_80;А;Сарапул;Ситиборд;56.47779;53.798662
S_20_B;Сарапул_20-S_ситиборд 2,7х3,7_ул_Советская_80;Б;Сарапул;Ситиборд;56.47779;53.798662
S_21_A;Сарапул_21-S_ситиборд 2,7х3,7_ул_Азина_64;А;Сарапул;Ситиборд;56.470364;53.804931
S_21_B;Сарапул_21-S_ситиборд 2,7х3,7_ул_Азина_64;Б;Сарапул;Ситиборд;56.470364;53.804931
S_22_A;Сарапул_22-S_ситиборд 2,7х3,7_ул_Азина_43;А;Сарапул;Ситиборд;56.470364;53.805132
S_22_B;Сарапул_22-S_ситиборд 2,7х3,7_ул_Азина_43;Б;Сарапул;Ситиборд;56.470364;53.805132
S_23_A;Сарапул_23-S_ситиборд 2,7х3,7_ул_Карла Маркса_60_Автовокзал;А;Сарапул;Ситиборд;56.467324;53.808534
S_23_B;Сарапул_23-S_ситиборд 2,7х3,7_ул_Карла Маркса_60_Автовокзал;Б;Сарапул;Ситиборд;56.467324;53.808534
S_24_A;Сарапул_24-S_ситиборд 2,7х3,7_ул_Карла Маркса_напротив_д82;А;Сарапул;Ситиборд;56.463955;53.808349
S_24_B;Сарапул_24-S_ситиборд 2,7х3,7_ул_Карла Маркса_напротив_д82;Б;Сарапул;Ситиборд;56.463955;53.808349
S_25_A;Сарапул_25-S_ситиборд 2,7х3,7_ул_Дубровская_д55  ул_Азина;А;Сарапул;Ситиборд;56.461294;53.803373
S_25_B;Сарапул_25-S_ситиборд 2,7х3,7_ул_Дубровская_д55  ул_Азина;Б;Сарапул;Ситиборд;56.461294;53.803373
S_26_A;Сарапул_26-S_ситиборд 2,7х3,7_ул_Азина_103  ул_Амурской;А;Сарапул;Ситиборд;56.456723;53.80347
S_26_B;Сарапул_26-S_ситиборд 2,7х3,7_ул_Азина_103  ул_Амурской;Б;Сарапул;Ситиборд;56.456723;53.80347
S_27_A;Сарапул_27-S_ситиборд 2,7х3,7_ул_Азина_134;А;Сарапул;Ситиборд;56.459348933611;53.803107392694
S_27_B;Сарапул_27-S_ситиборд 2,7х3,7_ул_Азина_134;Б;Сарапул;Ситиборд;56.459348933611;53.803107392694
S_28_A;Сарапул_28-S_ул_Путейская_1г;А;Сарапул;Билборд;56.452097038037;53.781052098217
S_28_B;Сарапул_28-S_ул_Путейская_1г;Б;Сарапул;Билборд;56.452097038037;53.781052098217
S_29_A;Сарапул_29-S_ул_Лесная_68;А;Сарапул;Билборд;56.472861044962;53.781980433169
S_29_B;Сарапул_29-S_ул_Лесная_68;Б;Сарапул;Билборд;56.472861044962;53.781980433169
S_30_A;Сарапул_30-S_ул_Лесной проспект;А;Сарапул;Билборд;56.442250891381;53.78122713405
S_30_B;Сарапул_30-S_ул_Лесной проспект;Б;Сарапул;Билборд;56.442250891381;53.78122713405
S_31_A;Сарапул_31-S_ул_Фурманова_1в;А;Сарапул;Билборд;56.444578686833;53.772908047781
S_31_B;Сарапул_31-S_ул_Фурманова_1в;Б;Сарапул;Билборд;56.444578686833;53.772908047781
S_32_A;Сарапул_32-S_ул_Путейская_9;А;Сарапул;Билборд;56.45348062956;53.766944128801
S_32_B;Сарапул_32-S_ул_Путейская_9;Б;Сарапул;Билборд;56.45348062956;53.766944128801
S_33_A;Сарапул_33-S_ул_Гончарова, 2а (ж_д мост);А;Сарапул;Билборд;56.451329;53.737801
S_33_B;Сарапул_33-S_ул_Гончарова, 2а (ж_д мост);Б;Сарапул;Билборд;56.451329;53.737801
S_34_A;Сарапул_34-S_ул. Чистякова_40а_пересечение_с_ул_20 лет Победы;А;Сарапул;Билборд;56.443367405782;53.749365850517
S_34_B;Сарапул_34-S_ул. Чистякова_40а_пересечение_с_ул_20 лет Победы;Б;Сарапул;Билборд;56.443367405782;53.749365850517
V_01_A;Воткинск_01-V_ул_Железнодорожная_Лермонтова;А;Воткинск;Билборд;57.046032749347;54.023810227353
V_01_B;Воткинск_01-V_ул_Железнодорожная_Лермонтова;Б;Воткинск;Билборд;57.046032749347;54.023810227353
